,Member ID,Restaurant ID,Restaurant Latitude,Restaurant Longitude,Restaurant Name,Restaurant Address
0,47875,225334,36.3580318,127.3511759,태평소국밥,대전시 유성구 봉명동 676-3
1,47875,280822,36.3579073,127.3472743,르뺑 99-1,대전시 유성구 봉명동 650
2,47875,261274,36.3590826,127.3428726,세븐팩토리모먼트,대전시 유성구 봉명동 604-2
3,47875,37370,36.3619806,127.3529817,누오보나폴리,대전시 유성구 궁동 406-10
4,47875,189257,36.3618383,127.3523632,순정닭발,대전시 유성구 궁동 406-15
0,3187,284411,36.3505544,127.3769908,미즈컨테이너,대전시 서구 둔산동 1050
1,3187,36728,36.3694773,127.3814472,만년애한우,대전시 서구 만년동 306
2,3187,165305,36.36285782,127.34916687,상하이양꼬치,대전시 유성구 궁동 397-8
3,3187,193024,36.3275433,127.4268212,성심당케익부띠끄,대전시 중구 은행동 153
4,3187,188235,36.3518803,127.3757299,모모가든,대전시 서구 둔산동 1081
5,17711,16860,36.3654208,127.3799885,스시호산,대전시 서구 만년동 282
6,17711,37119,36.3544901,127.3806039,보끄미,대전시 서구 둔산동 1352
7,17711,36658,36.3657745,127.3819936,일등석갈비,대전시 서구 만년동 358
8,17711,190459,36.37235954,127.34042181,카페희스밀,대전시 유성구 죽동 728-2
9,17711,35607,36.35564804,127.42814636,레시피제과,대전시 대덕구 중리동 245-21
10,17916,165408,36.3848226,127.3770553,코너스톤에이치,대전시 유성구 도룡동 393-16
11,17916,37004,36.3507216,127.3816996,모두자리,대전시 서구 둔산동 1181
12,17916,16878,36.3628948,127.3512433,더초콜릿,대전시 유성구 궁동 403-2
13,17916,236941,36.34727958,127.34114587,기린더매운갈비찜,대전시 유성구 봉명동 1031-7
14,17916,16882,36.36561678,127.33602902,바질리코,대전시 유성구 장대동 307-13
15,24189,219556,36.34093950000001,127.38927920000002,성심당,대전시 서구 괴정동 423-1
16,24189,37716,36.347361600000006,127.2919388,다미원,대전시 유성구 덕명동 181-1
17,24189,36658,36.3657745,127.3819936,일등석갈비,대전시 서구 만년동 358
18,24189,165408,36.3848226,127.3770553,코너스톤에이치,대전시 유성구 도룡동 393-16
19,24189,37045,36.3494126,127.3768032,스시히로바,대전시 서구 둔산동 1110
20,24265,16886,36.4160343,127.3841797,산골묵집,대전시 유성구 관평동 554
21,24265,36658,36.3657745,127.3819936,일등석갈비,대전시 서구 만년동 358
22,24265,37358,36.35575481,127.33713639,제이부페,대전시 유성구 봉명동 469-46
23,24265,219556,36.34093950000001,127.38927920000002,성심당,대전시 서구 괴정동 423-1
24,24265,37616,36.42486191,127.3894577,봉추찜닭,대전시 유성구 관평동 936
25,26788,35607,36.35564804,127.42814636,레시피제과,대전시 대덕구 중리동 245-21
26,26788,37004,36.3507216,127.3816996,모두자리,대전시 서구 둔산동 1181
27,26788,37716,36.347361600000006,127.2919388,다미원,대전시 유성구 덕명동 181-1
28,26788,194221,36.3555776,127.3807823,매드포갈릭,대전시 서구 둔산동 1346
29,26788,236941,36.34727958,127.34114587,기린더매운갈비찜,대전시 유성구 봉명동 1031-7
30,47328,16854,36.34996760000001,127.388276,대선칼국수,대전시 서구 둔산동 1440
31,47328,186044,36.3519295,127.3890243,빨봉분식,대전시 서구 둔산동 1459
32,47328,186015,36.3532937,127.3879396,칼국수를만드는사람들,대전시 서구 둔산동 1396
33,47328,36823,36.3481139,127.37815259999998,마마러브파이,대전시 서구 둔산동 1129
34,47328,36639,36.3461044,127.3888768,미세노센세,대전시 서구 탄방동 757
35,54011,16854,36.34996760000001,127.388276,대선칼국수,대전시 서구 둔산동 1440
36,54011,189504,36.34614563,127.38542938,더브리티쉬팬트리,대전시 서구 탄방동 660
37,54011,194221,36.3555776,127.3807823,매드포갈릭,대전시 서구 둔산동 1346
38,54011,37358,36.35575481,127.33713639,제이부페,대전시 유성구 봉명동 469-46
39,54011,218251,36.354486,127.3443323,어선재,대전시 유성구 봉명동 549-1
40,111273,16886,36.4160343,127.3841797,산골묵집,대전시 유성구 관평동 554
41,111273,36658,36.3657745,127.3819936,일등석갈비,대전시 서구 만년동 358
42,111273,37358,36.35575481,127.33713639,제이부페,대전시 유성구 봉명동 469-46
43,111273,219556,36.34093950000001,127.38927920000002,성심당,대전시 서구 괴정동 423-1
44,111273,37616,36.42486191,127.3894577,봉추찜닭,대전시 유성구 관평동 936
45,113840,284411,36.3505544,127.3769908,미즈컨테이너,대전시 서구 둔산동 1050
46,113840,36728,36.3694773,127.3814472,만년애한우,대전시 서구 만년동 306
47,113840,165305,36.36285782,127.34916687,상하이양꼬치,대전시 유성구 궁동 397-8
48,113840,193024,36.3275433,127.4268212,성심당케익부띠끄,대전시 중구 은행동 153
49,113840,188235,36.3518803,127.3757299,모모가든,대전시 서구 둔산동 1081
50,145360,16886,36.4160343,127.3841797,산골묵집,대전시 유성구 관평동 554
51,145360,36658,36.3657745,127.3819936,일등석갈비,대전시 서구 만년동 358
52,145360,37358,36.35575481,127.33713639,제이부페,대전시 유성구 봉명동 469-46
53,145360,219556,36.34093950000001,127.38927920000002,성심당,대전시 서구 괴정동 423-1
54,145360,37616,36.42486191,127.3894577,봉추찜닭,대전시 유성구 관평동 936
55,189795,16886,36.4160343,127.3841797,산골묵집,대전시 유성구 관평동 554
56,189795,37358,36.35575481,127.33713639,제이부페,대전시 유성구 봉명동 469-46
57,189795,36658,36.3657745,127.3819936,일등석갈비,대전시 서구 만년동 358
58,189795,37616,36.42486191,127.3894577,봉추찜닭,대전시 유성구 관평동 936
59,189795,219556,36.34093950000001,127.38927920000002,성심당,대전시 서구 괴정동 423-1
60,240081,16860,36.3654208,127.3799885,스시호산,대전시 서구 만년동 282
61,240081,37119,36.3544901,127.3806039,보끄미,대전시 서구 둔산동 1352
62,240081,36658,36.3657745,127.3819936,일등석갈비,대전시 서구 만년동 358
63,240081,190459,36.37235954,127.34042181,카페희스밀,대전시 유성구 죽동 728-2
64,240081,35607,36.35564804,127.42814636,레시피제과,대전시 대덕구 중리동 245-21
65,294426,219556,36.34093950000001,127.38927920000002,성심당,대전시 서구 괴정동 423-1
66,294426,37716,36.347361600000006,127.2919388,다미원,대전시 유성구 덕명동 181-1
67,294426,36658,36.3657745,127.3819936,일등석갈비,대전시 서구 만년동 358
68,294426,165408,36.3848226,127.3770553,코너스톤에이치,대전시 유성구 도룡동 393-16
69,294426,37045,36.3494126,127.3768032,스시히로바,대전시 서구 둔산동 1110
70,304926,16854,36.34996760000001,127.388276,대선칼국수,대전시 서구 둔산동 1440
71,304926,189504,36.34614563,127.38542938,더브리티쉬팬트리,대전시 서구 탄방동 660
72,304926,194221,36.3555776,127.3807823,매드포갈릭,대전시 서구 둔산동 1346
73,304926,37358,36.35575481,127.33713639,제이부페,대전시 유성구 봉명동 469-46
74,304926,218251,36.354486,127.3443323,어선재,대전시 유성구 봉명동 549-1
75,317917,35607,36.35564804,127.42814636,레시피제과,대전시 대덕구 중리동 245-21
76,317917,37004,36.3507216,127.3816996,모두자리,대전시 서구 둔산동 1181
77,317917,37716,36.347361600000006,127.2919388,다미원,대전시 유성구 덕명동 181-1
78,317917,194221,36.3555776,127.3807823,매드포갈릭,대전시 서구 둔산동 1346
79,317917,236941,36.34727958,127.34114587,기린더매운갈비찜,대전시 유성구 봉명동 1031-7
80,379403,35607,36.35564804,127.42814636,레시피제과,대전시 대덕구 중리동 245-21
81,379403,37004,36.3507216,127.3816996,모두자리,대전시 서구 둔산동 1181
82,379403,37716,36.347361600000006,127.2919388,다미원,대전시 유성구 덕명동 181-1
83,379403,194221,36.3555776,127.3807823,매드포갈릭,대전시 서구 둔산동 1346
84,379403,236941,36.34727958,127.34114587,기린더매운갈비찜,대전시 유성구 봉명동 1031-7
85,549004,37716,36.347361600000006,127.2919388,다미원,대전시 유성구 덕명동 181-1
86,549004,219556,36.34093950000001,127.38927920000002,성심당,대전시 서구 괴정동 423-1
87,549004,35607,36.35564804,127.42814636,레시피제과,대전시 대덕구 중리동 245-21
88,549004,165408,36.3848226,127.3770553,코너스톤에이치,대전시 유성구 도룡동 393-16
89,549004,37358,36.35575481,127.33713639,제이부페,대전시 유성구 봉명동 469-46
90,579518,37716,36.347361600000006,127.2919388,다미원,대전시 유성구 덕명동 181-1
91,579518,219556,36.34093950000001,127.38927920000002,성심당,대전시 서구 괴정동 423-1
92,579518,35607,36.35564804,127.42814636,레시피제과,대전시 대덕구 중리동 245-21
93,579518,165408,36.3848226,127.3770553,코너스톤에이치,대전시 유성구 도룡동 393-16
94,579518,37358,36.35575481,127.33713639,제이부페,대전시 유성구 봉명동 469-46
95,605910,35607,36.35564804,127.42814636,레시피제과,대전시 대덕구 중리동 245-21
96,605910,37004,36.3507216,127.3816996,모두자리,대전시 서구 둔산동 1181
97,605910,37716,36.347361600000006,127.2919388,다미원,대전시 유성구 덕명동 181-1
98,605910,194221,36.3555776,127.3807823,매드포갈릭,대전시 서구 둔산동 1346
99,605910,236941,36.34727958,127.34114587,기린더매운갈비찜,대전시 유성구 봉명동 1031-7
100,694380,37716,36.347361600000006,127.2919388,다미원,대전시 유성구 덕명동 181-1
101,694380,35607,36.35564804,127.42814636,레시피제과,대전시 대덕구 중리동 245-21
102,694380,37358,36.35575481,127.33713639,제이부페,대전시 유성구 봉명동 469-46
103,694380,165408,36.3848226,127.3770553,코너스톤에이치,대전시 유성구 도룡동 393-16
104,694380,37616,36.42486191,127.3894577,봉추찜닭,대전시 유성구 관평동 936
0,10516,188064,36.3669343,127.3805571,베스타,대전시 서구 만년동 339
1,10516,192034,36.3748794,127.3199557,인생극장,대전시 유성구 지족동 911-6
2,10516,36789,36.3505898,127.3881261,서가앤쿡,대전시 서구 둔산동 1448
3,10516,35606,36.3592648,127.4265946,오문창순대국밥,대전시 대덕구 중리동 203-2
4,10516,203686,36.3267667,127.4275582,팬텀팬스테이크,대전시 중구 은행동 162-2
5,25988,221137,36.33182952,127.43354821,성심당,대전시 동구 정동 1-1
6,25988,193024,36.3275433,127.4268212,성심당케익부띠끄,대전시 중구 은행동 153
7,25988,164111,36.32264709,127.41099548,교원파닭,대전시 중구 오류동 152-7
8,25988,188233,36.353419,127.3777997,이태리국시,대전시 서구 둔산동 1008
9,25988,37834,36.36299896,127.35623932,라라랄라,대전시 유성구 어은동 108-3
10,27915,36789,36.3505898,127.3881261,서가앤쿡,대전시 서구 둔산동 1448
11,27915,36655,36.3547365,127.3799811,인디,대전시 서구 둔산동 1369
12,27915,16836,36.3321432,127.428757,금성삼계탕,대전시 동구 중동 32-14
13,27915,16920,36.32587520000001,127.4247025,진로집,대전시 중구 대흥동 314-1
14,27915,165325,36.3628934,127.3489831,앨버트,대전시 유성구 궁동 397-9
15,28814,36665,36.34291508,127.38813912,풍전삼계탕,대전시 서구 탄방동 681
16,28814,193864,36.3632658,127.3580625,디에떼에스프레소,대전시 유성구 어은동 113-13
17,28814,221910,36.29709625,127.33823395,펄스맥,대전시 서구 관저동 1537
18,28814,198454,36.3739132,127.32018,하남돼지집,대전시 유성구 지족동 907-23
19,28814,189740,36.35599600000001,127.4443647,미루손짜장,대전시 대덕구 송촌동 564-10
20,55771,36634,36.34955215,127.37825012,모루,대전시 서구 둔산동 1201
21,55771,186045,36.42627335,127.38977814,이비가짬뽕,대전시 유성구 관평동 812
22,55771,186045,36.42627335,127.38977814,이비가짬뽕,대전시 유성구 관평동 812
23,55771,259588,36.3243171,127.425126,하이드아웃,대전시 중구 대흥동 454-1
24,55771,36632,36.35633087,127.38907623,애슐리,대전시 서구 둔산동 1380-2
25,92347,36784,36.3541335,127.3754735,로보쿡,대전시 서구 둔산동 970
26,92347,37379,36.3623443,127.3578708,플레이버거,대전시 유성구 어은동 115-4
27,92347,36671,36.3674845,127.3825631,설악칡냉면,대전시 서구 만년동 385
28,92347,16906,36.3285892,127.423591,광천식당,대전시 중구 선화동 52-2
29,92347,192946,36.3607473,127.3502876,와플몽,대전시 유성구 궁동 424-1
30,180342,164569,36.3070321,127.3690972,우리밀만두,대전시 서구 정림동 8-61
31,180342,193864,36.3632658,127.3580625,디에떼에스프레소,대전시 유성구 어은동 113-13
32,180342,36665,36.34291508,127.38813912,풍전삼계탕,대전시 서구 탄방동 681
33,180342,198454,36.3739132,127.32018,하남돼지집,대전시 유성구 지족동 907-23
34,180342,221910,36.29709625,127.33823395,펄스맥,대전시 서구 관저동 1537
35,184921,164569,36.3070321,127.3690972,우리밀만두,대전시 서구 정림동 8-61
36,184921,198454,36.3739132,127.32018,하남돼지집,대전시 유성구 지족동 907-23
37,184921,36665,36.34291508,127.38813912,풍전삼계탕,대전시 서구 탄방동 681
38,184921,193864,36.3632658,127.3580625,디에떼에스프레소,대전시 유성구 어은동 113-13
39,184921,189740,36.35599600000001,127.4443647,미루손짜장,대전시 대덕구 송촌동 564-10
40,298066,36789,36.3505898,127.3881261,서가앤쿡,대전시 서구 둔산동 1448
41,298066,36655,36.3547365,127.3799811,인디,대전시 서구 둔산동 1369
42,298066,16836,36.3321432,127.428757,금성삼계탕,대전시 동구 중동 32-14
43,298066,16920,36.32587520000001,127.4247025,진로집,대전시 중구 대흥동 314-1
44,298066,165325,36.3628934,127.3489831,앨버트,대전시 유성구 궁동 397-9
45,329090,16848,36.333851,127.4293622,태화장,대전시 동구 정동 36-32
46,329090,36823,36.3481139,127.37815259999998,마마러브파이,대전시 서구 둔산동 1129
47,329090,189576,36.362987,127.3570346,콜마르브레드,대전시 유성구 어은동 110-9
48,329090,37559,36.36310196,127.35644531,비바돈까스,대전시 유성구 어은동 108-5
49,329090,16879,36.36233529999999,127.3481922,동해원,대전시 유성구 궁동 414-5
50,389393,36784,36.3541335,127.3754735,로보쿡,대전시 서구 둔산동 970
51,389393,37379,36.3623443,127.3578708,플레이버거,대전시 유성구 어은동 115-4
52,389393,36671,36.3674845,127.3825631,설악칡냉면,대전시 서구 만년동 385
53,389393,16906,36.3285892,127.423591,광천식당,대전시 중구 선화동 52-2
54,389393,192946,36.3607473,127.3502876,와플몽,대전시 유성구 궁동 424-1
55,407456,36634,36.34955215,127.37825012,모루,대전시 서구 둔산동 1201
56,407456,186045,36.42627335,127.38977814,이비가짬뽕,대전시 유성구 관평동 812
57,407456,186045,36.42627335,127.38977814,이비가짬뽕,대전시 유성구 관평동 812
58,407456,259588,36.3243171,127.425126,하이드아웃,대전시 중구 대흥동 454-1
59,407456,36632,36.35633087,127.38907623,애슐리,대전시 서구 둔산동 1380-2
60,440510,36634,36.34955215,127.37825012,모루,대전시 서구 둔산동 1201
61,440510,186045,36.42627335,127.38977814,이비가짬뽕,대전시 유성구 관평동 812
62,440510,186045,36.42627335,127.38977814,이비가짬뽕,대전시 유성구 관평동 812
63,440510,259588,36.3243171,127.425126,하이드아웃,대전시 중구 대흥동 454-1
64,440510,36632,36.35633087,127.38907623,애슐리,대전시 서구 둔산동 1380-2
65,542643,36634,36.34955215,127.37825012,모루,대전시 서구 둔산동 1201
66,542643,186045,36.42627335,127.38977814,이비가짬뽕,대전시 유성구 관평동 812
67,542643,186045,36.42627335,127.38977814,이비가짬뽕,대전시 유성구 관평동 812
68,542643,259588,36.3243171,127.425126,하이드아웃,대전시 중구 대흥동 454-1
69,542643,36632,36.35633087,127.38907623,애슐리,대전시 서구 둔산동 1380-2
70,567494,188064,36.3669343,127.3805571,베스타,대전시 서구 만년동 339
71,567494,192034,36.3748794,127.3199557,인생극장,대전시 유성구 지족동 911-6
72,567494,36789,36.3505898,127.3881261,서가앤쿡,대전시 서구 둔산동 1448
73,567494,35606,36.3592648,127.4265946,오문창순대국밥,대전시 대덕구 중리동 203-2
74,567494,203686,36.3267667,127.4275582,팬텀팬스테이크,대전시 중구 은행동 162-2
0,23618,188202,36.3630884,127.3577393,베리신주쿠,대전시 유성구 어은동 113-16
1,23618,37403,36.40061395,127.39731711,챠오,대전시 유성구 전민동 297-10
2,23618,191380,36.33227921,127.45598602,피스앤피스,대전시 동구 용운동 681
3,23618,16879,36.36233529999999,127.3481922,동해원,대전시 유성구 궁동 414-5
4,23618,190023,36.36198044,127.35166931,충만치킨,대전시 유성구 궁동 406-1
5,46495,37364,36.35941773,127.34452796,스바라시라멘,대전시 유성구 봉명동 611-1
6,46495,37640,36.42608660000001,127.3912156,스바라시라멘,대전시 유성구 관평동 943
7,46495,194071,36.3631667,127.3575179,동해참치,대전시 유성구 어은동 113
8,46495,252056,36.3526428,127.3465321,부연부,대전시 유성구 봉명동 543-17
9,46495,37479,36.3579734,127.3387543,스시안,대전시 유성구 장대동 370-13
10,49511,37479,36.3579734,127.3387543,스시안,대전시 유성구 장대동 370-13
11,49511,16879,36.36233529999999,127.3481922,동해원,대전시 유성구 궁동 414-5
12,49511,37364,36.35941773,127.34452796,스바라시라멘,대전시 유성구 봉명동 611-1
13,49511,248875,36.413244,127.404972,시타라,대전시 유성구 탑립동 793
14,49511,37640,36.42608660000001,127.3912156,스바라시라멘,대전시 유성구 관평동 943
15,136675,16879,36.36233529999999,127.3481922,동해원,대전시 유성구 궁동 414-5
16,136675,37640,36.42608660000001,127.3912156,스바라시라멘,대전시 유성구 관평동 943
17,136675,37479,36.3579734,127.3387543,스시안,대전시 유성구 장대동 370-13
18,136675,248875,36.413244,127.404972,시타라,대전시 유성구 탑립동 793
19,136675,16879,36.36233529999999,127.3481922,동해원,대전시 유성구 궁동 414-5
20,202502,188202,36.3630884,127.3577393,베리신주쿠,대전시 유성구 어은동 113-16
21,202502,37403,36.40061395,127.39731711,챠오,대전시 유성구 전민동 297-10
22,202502,191380,36.33227921,127.45598602,피스앤피스,대전시 동구 용운동 681
23,202502,16879,36.36233529999999,127.3481922,동해원,대전시 유성구 궁동 414-5
24,202502,190023,36.36198044,127.35166931,충만치킨,대전시 유성구 궁동 406-1
25,456341,248875,36.413244,127.404972,시타라,대전시 유성구 탑립동 793
26,456341,252056,36.3526428,127.3465321,부연부,대전시 유성구 봉명동 543-17
27,456341,37479,36.3579734,127.3387543,스시안,대전시 유성구 장대동 370-13
28,456341,37364,36.35941773,127.34452796,스바라시라멘,대전시 유성구 봉명동 611-1
29,456341,37640,36.42608660000001,127.3912156,스바라시라멘,대전시 유성구 관평동 943
30,512704,35606,36.3592648,127.4265946,오문창순대국밥,대전시 대덕구 중리동 203-2
31,512704,36618,36.3548699,127.3778072,플레져,대전시 서구 둔산동 1001
32,512704,37393,36.36048889,127.34056854,이비가짬뽕,대전시 유성구 궁동 462-12
33,512704,236188,36.35097920000001,127.38862759999998,리골레토시카고피자,대전시 서구 둔산동 1452
34,512704,282381,36.3513724,127.3775362,르브레드랩,대전시 서구 둔산동 1039
35,533317,37640,36.42608660000001,127.3912156,스바라시라멘,대전시 유성구 관평동 943
36,533317,16879,36.36233529999999,127.3481922,동해원,대전시 유성구 궁동 414-5
37,533317,194071,36.3631667,127.3575179,동해참치,대전시 유성구 어은동 113
38,533317,37364,36.35941773,127.34452796,스바라시라멘,대전시 유성구 봉명동 611-1
39,533317,16879,36.36233529999999,127.3481922,동해원,대전시 유성구 궁동 414-5
40,699254,188670,36.3537403,127.3772697,설해돈,대전시 서구 둔산동 993
41,699254,187321,36.3288298,127.4249993,자연별곡,대전시 중구 선화동 3-12
42,699254,190023,36.36198044,127.35166931,충만치킨,대전시 유성구 궁동 406-1
43,699254,188235,36.3518803,127.3757299,모모가든,대전시 서구 둔산동 1081
44,699254,194227,36.3977465,127.4024775,알근이떡볶이,대전시 유성구 전민동 365-2
0,19740,186973,36.3618292,127.3514163,연취,대전시 유성구 궁동 407-9
1,19740,225334,36.3580318,127.3511759,태평소국밥,대전시 유성구 봉명동 676-3
2,19740,195370,36.32761765,127.42700958,쿠우쿠우,대전시 중구 은행동 152
3,19740,197723,36.3986911,127.4034109,한방삼계탕,대전시 유성구 전민동 332-3
4,19740,272218,36.37420766,127.32128933,타이스토리,대전시 유성구 지족동 918-5
5,54607,216644,36.32349396,127.37865448,송원한우마을,대전시 서구 변동 62-32
6,54607,203040,36.37519221,127.3184227,스시다,대전시 유성구 지족동 901-3
7,54607,36850,36.3620242,127.3769584,바이젠하우스,대전시 서구 월평동 265
8,54607,191419,36.3545207,127.37727340000002,케렌시아,대전시 서구 둔산동 997
9,54607,198418,36.3515851,127.3874213,유달리,대전시 서구 둔산동 1411
10,199425,186973,36.3618292,127.3514163,연취,대전시 유성구 궁동 407-9
11,199425,188347,36.3630257,127.3503086,피자뻬르,대전시 유성구 궁동 400-1
12,199425,189555,36.3504412,127.3783951,리얼케익,대전시 서구 둔산동 1164
13,199425,225334,36.3580318,127.3511759,태평소국밥,대전시 유성구 봉명동 676-3
14,199425,188347,36.3630257,127.3503086,피자뻬르,대전시 유성구 궁동 400-1
15,530546,36747,36.3226822,127.3735441,이모네감자탕,대전시 서구 도마동 34-44
16,530546,37642,36.362887,127.3528367,산타클로스,대전시 유성구 궁동 1-28
17,530546,203189,36.3630985,127.357238,이앨리스,대전시 유성구 어은동 110-4
18,530546,189644,36.35146713,127.42586517,오늘은닭,대전시 대덕구 오정동 223-266
19,530546,193886,36.3630433,127.35821029999998,소소화,대전시 유성구 어은동 114-4
20,593070,191594,36.3547432,127.3423567,비단강숯불장어,대전시 유성구 봉명동 551-16
21,593070,224729,36.3522612,127.3732758,컨트란스,대전시 서구 갈마동 849
22,593070,203138,36.42368698,127.39081573,퀸즈펍,대전시 유성구 관평동 1035
23,593070,275712,36.36085091,127.42855715,스물넷카페,대전시 대덕구 중리동 197-10
24,593070,37514,36.36231770000001,127.3507747,맛존,대전시 유성구 궁동 408-14
25,648211,188347,36.3630257,127.3503086,피자뻬르,대전시 유성구 궁동 400-1
26,648211,188347,36.3630257,127.3503086,피자뻬르,대전시 유성구 궁동 400-1
27,648211,195370,36.32761765,127.42700958,쿠우쿠우,대전시 중구 은행동 152
28,648211,197723,36.3986911,127.4034109,한방삼계탕,대전시 유성구 전민동 332-3
29,648211,272218,36.37420766,127.32128933,타이스토리,대전시 유성구 지족동 918-5
30,694114,203143,36.3528717,127.3782242,코다차야,대전시 서구 둔산동 1014
31,694114,203138,36.42368698,127.39081573,퀸즈펍,대전시 유성구 관평동 1035
32,694114,189641,36.3514666,127.4260712,자연을담은돈까스,대전시 대덕구 오정동 223-268
33,694114,203686,36.3267667,127.4275582,팬텀팬스테이크,대전시 중구 은행동 162-2
34,694114,283327,36.34835579999999,127.37515249999998,카페온기,대전시 서구 갈마동 1032
35,722980,188347,36.3630257,127.3503086,피자뻬르,대전시 유성구 궁동 400-1
36,722980,186973,36.3618292,127.3514163,연취,대전시 유성구 궁동 407-9
37,722980,272218,36.37420766,127.32128933,타이스토리,대전시 유성구 지족동 918-5
38,722980,188347,36.3630257,127.3503086,피자뻬르,대전시 유성구 궁동 400-1
39,722980,189555,36.3504412,127.3783951,리얼케익,대전시 서구 둔산동 1164
0,16282,36850,36.3620242,127.3769584,바이젠하우스,대전시 서구 월평동 265
1,16282,16848,36.333851,127.4293622,태화장,대전시 동구 정동 36-32
2,16282,36697,36.2975972,127.3377959,장마을닷컴,대전시 서구 관저동 1533
3,16282,16915,36.32189941,127.41569519,신촌설렁탕,대전시 중구 문화동 1-182
4,16282,16843,36.2147761,127.4405227,옛터,대전시 동구 하소동 361-1
5,17870,184288,36.3251059,127.42517759999998,느린나무,대전시 중구 대흥동 409-10
6,17870,16843,36.2147761,127.4405227,옛터,대전시 동구 하소동 361-1
7,17870,268693,36.35295486,127.37780135,돈돈정,대전시 서구 둔산동 1010
8,17870,190459,36.37235954,127.34042181,카페희스밀,대전시 유성구 죽동 728-2
9,17870,184285,36.3248436,127.4254319,모모제인,대전시 중구 대흥동 412-1
10,18394,16915,36.32189941,127.41569519,신촌설렁탕,대전시 중구 문화동 1-182
11,18394,184285,36.3248436,127.4254319,모모제인,대전시 중구 대흥동 412-1
12,18394,268693,36.35295486,127.37780135,돈돈정,대전시 서구 둔산동 1010
13,18394,37724,36.3614446,127.3503033,닭섬,대전시 유성구 궁동 425-15
14,18394,250669,36.363154,127.3587232,마쯔미라멘,대전시 유성구 어은동 114-9
15,22570,184288,36.3251059,127.42517759999998,느린나무,대전시 중구 대흥동 409-10
16,22570,16843,36.2147761,127.4405227,옛터,대전시 동구 하소동 361-1
17,22570,268693,36.35295486,127.37780135,돈돈정,대전시 서구 둔산동 1010
18,22570,190459,36.37235954,127.34042181,카페희스밀,대전시 유성구 죽동 728-2
19,22570,184285,36.3248436,127.4254319,모모제인,대전시 중구 대흥동 412-1
20,26043,189571,36.34998820000001,127.3889558,블랙스톤,대전시 서구 둔산동 1442
21,26043,35915,36.35644531,127.45077515,진미본,대전시 대덕구 비래동 138-1
22,26043,16862,36.3475035,127.3731065,영희네매운등갈비찜,대전시 서구 갈마동 345-10
23,26043,16848,36.333851,127.4293622,태화장,대전시 동구 정동 36-32
24,26043,186044,36.3519295,127.3890243,빨봉분식,대전시 서구 둔산동 1459
25,27355,184288,36.3251059,127.42517759999998,느린나무,대전시 중구 대흥동 409-10
26,27355,16843,36.2147761,127.4405227,옛터,대전시 동구 하소동 361-1
27,27355,268693,36.35295486,127.37780135,돈돈정,대전시 서구 둔산동 1010
28,27355,190459,36.37235954,127.34042181,카페희스밀,대전시 유성구 죽동 728-2
29,27355,184285,36.3248436,127.4254319,모모제인,대전시 중구 대흥동 412-1
30,27397,35915,36.35644531,127.45077515,진미본,대전시 대덕구 비래동 138-1
31,27397,165618,36.42248154,127.38792419,국수나무,대전시 유성구 관평동 914
32,27397,216600,36.32843018,127.42940521,연이자카야,대전시 중구 은행동 65-5
33,27397,16915,36.32189941,127.41569519,신촌설렁탕,대전시 중구 문화동 1-182
34,27397,16912,36.3276777,127.4273086,성심당,대전시 중구 은행동 145-1
35,27770,16915,36.32189941,127.41569519,신촌설렁탕,대전시 중구 문화동 1-182
36,27770,184285,36.3248436,127.4254319,모모제인,대전시 중구 대흥동 412-1
37,27770,268693,36.35295486,127.37780135,돈돈정,대전시 서구 둔산동 1010
38,27770,37724,36.3614446,127.3503033,닭섬,대전시 유성구 궁동 425-15
39,27770,250669,36.363154,127.3587232,마쯔미라멘,대전시 유성구 어은동 114-9
40,41516,189571,36.34998820000001,127.3889558,블랙스톤,대전시 서구 둔산동 1442
41,41516,35915,36.35644531,127.45077515,진미본,대전시 대덕구 비래동 138-1
42,41516,16862,36.3475035,127.3731065,영희네매운등갈비찜,대전시 서구 갈마동 345-10
43,41516,16848,36.333851,127.4293622,태화장,대전시 동구 정동 36-32
44,41516,186044,36.3519295,127.3890243,빨봉분식,대전시 서구 둔산동 1459
45,47602,36850,36.3620242,127.3769584,바이젠하우스,대전시 서구 월평동 265
46,47602,16848,36.333851,127.4293622,태화장,대전시 동구 정동 36-32
47,47602,36697,36.2975972,127.3377959,장마을닷컴,대전시 서구 관저동 1533
48,47602,16915,36.32189941,127.41569519,신촌설렁탕,대전시 중구 문화동 1-182
49,47602,16843,36.2147761,127.4405227,옛터,대전시 동구 하소동 361-1
50,58596,37559,36.36310196,127.35644531,비바돈까스,대전시 유성구 어은동 108-5
51,58596,193024,36.3275433,127.4268212,성심당케익부띠끄,대전시 중구 은행동 153
52,58596,188202,36.3630884,127.3577393,베리신주쿠,대전시 유성구 어은동 113-16
53,58596,16915,36.32189941,127.41569519,신촌설렁탕,대전시 중구 문화동 1-182
54,58596,189571,36.34998820000001,127.3889558,블랙스톤,대전시 서구 둔산동 1442
55,179982,37559,36.36310196,127.35644531,비바돈까스,대전시 유성구 어은동 108-5
56,179982,193024,36.3275433,127.4268212,성심당케익부띠끄,대전시 중구 은행동 153
57,179982,188202,36.3630884,127.3577393,베리신주쿠,대전시 유성구 어은동 113-16
58,179982,16915,36.32189941,127.41569519,신촌설렁탕,대전시 중구 문화동 1-182
59,179982,189571,36.34998820000001,127.3889558,블랙스톤,대전시 서구 둔산동 1442
60,197683,233423,36.35848492,127.34798218,갓포호산,대전시 유성구 봉명동 641-3
61,197683,279710,36.35842279,127.34578925,히토메보레,대전시 유성구 봉명동 624-2
62,197683,193024,36.3275433,127.4268212,성심당케익부띠끄,대전시 중구 은행동 153
63,197683,224729,36.3522612,127.3732758,컨트란스,대전시 서구 갈마동 849
64,197683,16912,36.3276777,127.4273086,성심당,대전시 중구 은행동 145-1
65,202219,184288,36.3251059,127.42517759999998,느린나무,대전시 중구 대흥동 409-10
66,202219,186044,36.3519295,127.3890243,빨봉분식,대전시 서구 둔산동 1459
67,202219,16915,36.32189941,127.41569519,신촌설렁탕,대전시 중구 문화동 1-182
68,202219,16843,36.2147761,127.4405227,옛터,대전시 동구 하소동 361-1
69,202219,186045,36.42627335,127.38977814,이비가짬뽕,대전시 유성구 관평동 812
70,215290,35915,36.35644531,127.45077515,진미본,대전시 대덕구 비래동 138-1
71,215290,165618,36.42248154,127.38792419,국수나무,대전시 유성구 관평동 914
72,215290,216600,36.32843018,127.42940521,연이자카야,대전시 중구 은행동 65-5
73,215290,16915,36.32189941,127.41569519,신촌설렁탕,대전시 중구 문화동 1-182
74,215290,16912,36.3276777,127.4273086,성심당,대전시 중구 은행동 145-1
75,361632,233423,36.35848492,127.34798218,갓포호산,대전시 유성구 봉명동 641-3
76,361632,279710,36.35842279,127.34578925,히토메보레,대전시 유성구 봉명동 624-2
77,361632,193024,36.3275433,127.4268212,성심당케익부띠끄,대전시 중구 은행동 153
78,361632,224729,36.3522612,127.3732758,컨트란스,대전시 서구 갈마동 849
79,361632,16912,36.3276777,127.4273086,성심당,대전시 중구 은행동 145-1
80,375748,184288,36.3251059,127.42517759999998,느린나무,대전시 중구 대흥동 409-10
81,375748,16843,36.2147761,127.4405227,옛터,대전시 동구 하소동 361-1
82,375748,268693,36.35295486,127.37780135,돈돈정,대전시 서구 둔산동 1010
83,375748,190459,36.37235954,127.34042181,카페희스밀,대전시 유성구 죽동 728-2
84,375748,184285,36.3248436,127.4254319,모모제인,대전시 중구 대흥동 412-1
85,376190,35915,36.35644531,127.45077515,진미본,대전시 대덕구 비래동 138-1
86,376190,165618,36.42248154,127.38792419,국수나무,대전시 유성구 관평동 914
87,376190,216600,36.32843018,127.42940521,연이자카야,대전시 중구 은행동 65-5
88,376190,16915,36.32189941,127.41569519,신촌설렁탕,대전시 중구 문화동 1-182
89,376190,16912,36.3276777,127.4273086,성심당,대전시 중구 은행동 145-1
90,400687,184288,36.3251059,127.42517759999998,느린나무,대전시 중구 대흥동 409-10
91,400687,186044,36.3519295,127.3890243,빨봉분식,대전시 서구 둔산동 1459
92,400687,16915,36.32189941,127.41569519,신촌설렁탕,대전시 중구 문화동 1-182
93,400687,16843,36.2147761,127.4405227,옛터,대전시 동구 하소동 361-1
94,400687,186045,36.42627335,127.38977814,이비가짬뽕,대전시 유성구 관평동 812
95,434101,233423,36.35848492,127.34798218,갓포호산,대전시 유성구 봉명동 641-3
96,434101,279710,36.35842279,127.34578925,히토메보레,대전시 유성구 봉명동 624-2
97,434101,193024,36.3275433,127.4268212,성심당케익부띠끄,대전시 중구 은행동 153
98,434101,224729,36.3522612,127.3732758,컨트란스,대전시 서구 갈마동 849
99,434101,16912,36.3276777,127.4273086,성심당,대전시 중구 은행동 145-1
100,460278,16915,36.32189941,127.41569519,신촌설렁탕,대전시 중구 문화동 1-182
101,460278,184285,36.3248436,127.4254319,모모제인,대전시 중구 대흥동 412-1
102,460278,268693,36.35295486,127.37780135,돈돈정,대전시 서구 둔산동 1010
103,460278,37724,36.3614446,127.3503033,닭섬,대전시 유성구 궁동 425-15
104,460278,250669,36.363154,127.3587232,마쯔미라멘,대전시 유성구 어은동 114-9
105,462227,193024,36.3275433,127.4268212,성심당케익부띠끄,대전시 중구 은행동 153
106,462227,188202,36.3630884,127.3577393,베리신주쿠,대전시 유성구 어은동 113-16
107,462227,37559,36.36310196,127.35644531,비바돈까스,대전시 유성구 어은동 108-5
108,462227,37724,36.3614446,127.3503033,닭섬,대전시 유성구 궁동 425-15
109,462227,250669,36.363154,127.3587232,마쯔미라멘,대전시 유성구 어은동 114-9
110,470602,36850,36.3620242,127.3769584,바이젠하우스,대전시 서구 월평동 265
111,470602,16848,36.333851,127.4293622,태화장,대전시 동구 정동 36-32
112,470602,36697,36.2975972,127.3377959,장마을닷컴,대전시 서구 관저동 1533
113,470602,16915,36.32189941,127.41569519,신촌설렁탕,대전시 중구 문화동 1-182
114,470602,16843,36.2147761,127.4405227,옛터,대전시 동구 하소동 361-1
115,496541,37559,36.36310196,127.35644531,비바돈까스,대전시 유성구 어은동 108-5
116,496541,193024,36.3275433,127.4268212,성심당케익부띠끄,대전시 중구 은행동 153
117,496541,188202,36.3630884,127.3577393,베리신주쿠,대전시 유성구 어은동 113-16
118,496541,16915,36.32189941,127.41569519,신촌설렁탕,대전시 중구 문화동 1-182
119,496541,189571,36.34998820000001,127.3889558,블랙스톤,대전시 서구 둔산동 1442
120,514446,189571,36.34998820000001,127.3889558,블랙스톤,대전시 서구 둔산동 1442
121,514446,35915,36.35644531,127.45077515,진미본,대전시 대덕구 비래동 138-1
122,514446,16862,36.3475035,127.3731065,영희네매운등갈비찜,대전시 서구 갈마동 345-10
123,514446,16848,36.333851,127.4293622,태화장,대전시 동구 정동 36-32
124,514446,186044,36.3519295,127.3890243,빨봉분식,대전시 서구 둔산동 1459
125,528080,16915,36.32189941,127.41569519,신촌설렁탕,대전시 중구 문화동 1-182
126,528080,184285,36.3248436,127.4254319,모모제인,대전시 중구 대흥동 412-1
127,528080,268693,36.35295486,127.37780135,돈돈정,대전시 서구 둔산동 1010
128,528080,37724,36.3614446,127.3503033,닭섬,대전시 유성구 궁동 425-15
129,528080,250669,36.363154,127.3587232,마쯔미라멘,대전시 유성구 어은동 114-9
130,579788,189571,36.34998820000001,127.3889558,블랙스톤,대전시 서구 둔산동 1442
131,579788,35915,36.35644531,127.45077515,진미본,대전시 대덕구 비래동 138-1
132,579788,16862,36.3475035,127.3731065,영희네매운등갈비찜,대전시 서구 갈마동 345-10
133,579788,16848,36.333851,127.4293622,태화장,대전시 동구 정동 36-32
134,579788,186044,36.3519295,127.3890243,빨봉분식,대전시 서구 둔산동 1459
135,589630,184288,36.3251059,127.42517759999998,느린나무,대전시 중구 대흥동 409-10
136,589630,16843,36.2147761,127.4405227,옛터,대전시 동구 하소동 361-1
137,589630,268693,36.35295486,127.37780135,돈돈정,대전시 서구 둔산동 1010
138,589630,190459,36.37235954,127.34042181,카페희스밀,대전시 유성구 죽동 728-2
139,589630,184285,36.3248436,127.4254319,모모제인,대전시 중구 대흥동 412-1
140,593911,36850,36.3620242,127.3769584,바이젠하우스,대전시 서구 월평동 265
141,593911,16848,36.333851,127.4293622,태화장,대전시 동구 정동 36-32
142,593911,36697,36.2975972,127.3377959,장마을닷컴,대전시 서구 관저동 1533
143,593911,16915,36.32189941,127.41569519,신촌설렁탕,대전시 중구 문화동 1-182
144,593911,16843,36.2147761,127.4405227,옛터,대전시 동구 하소동 361-1
145,603679,37559,36.36310196,127.35644531,비바돈까스,대전시 유성구 어은동 108-5
146,603679,193024,36.3275433,127.4268212,성심당케익부띠끄,대전시 중구 은행동 153
147,603679,188202,36.3630884,127.3577393,베리신주쿠,대전시 유성구 어은동 113-16
148,603679,16915,36.32189941,127.41569519,신촌설렁탕,대전시 중구 문화동 1-182
149,603679,189571,36.34998820000001,127.3889558,블랙스톤,대전시 서구 둔산동 1442
150,611890,184288,36.3251059,127.42517759999998,느린나무,대전시 중구 대흥동 409-10
151,611890,186044,36.3519295,127.3890243,빨봉분식,대전시 서구 둔산동 1459
152,611890,16915,36.32189941,127.41569519,신촌설렁탕,대전시 중구 문화동 1-182
153,611890,16843,36.2147761,127.4405227,옛터,대전시 동구 하소동 361-1
154,611890,186045,36.42627335,127.38977814,이비가짬뽕,대전시 유성구 관평동 812
155,630492,233423,36.35848492,127.34798218,갓포호산,대전시 유성구 봉명동 641-3
156,630492,279710,36.35842279,127.34578925,히토메보레,대전시 유성구 봉명동 624-2
157,630492,193024,36.3275433,127.4268212,성심당케익부띠끄,대전시 중구 은행동 153
158,630492,224729,36.3522612,127.3732758,컨트란스,대전시 서구 갈마동 849
159,630492,16912,36.3276777,127.4273086,성심당,대전시 중구 은행동 145-1
160,630552,184288,36.3251059,127.42517759999998,느린나무,대전시 중구 대흥동 409-10
161,630552,268693,36.35295486,127.37780135,돈돈정,대전시 서구 둔산동 1010
162,630552,16843,36.2147761,127.4405227,옛터,대전시 동구 하소동 361-1
163,630552,186045,36.42627335,127.38977814,이비가짬뽕,대전시 유성구 관평동 812
164,630552,37370,36.3619806,127.3529817,누오보나폴리,대전시 유성구 궁동 406-10
165,631813,35915,36.35644531,127.45077515,진미본,대전시 대덕구 비래동 138-1
166,631813,165618,36.42248154,127.38792419,국수나무,대전시 유성구 관평동 914
167,631813,216600,36.32843018,127.42940521,연이자카야,대전시 중구 은행동 65-5
168,631813,16915,36.32189941,127.41569519,신촌설렁탕,대전시 중구 문화동 1-182
169,631813,16912,36.3276777,127.4273086,성심당,대전시 중구 은행동 145-1
170,632190,189571,36.34998820000001,127.3889558,블랙스톤,대전시 서구 둔산동 1442
171,632190,16915,36.32189941,127.41569519,신촌설렁탕,대전시 중구 문화동 1-182
172,632190,16862,36.3475035,127.3731065,영희네매운등갈비찜,대전시 서구 갈마동 345-10
173,632190,268693,36.35295486,127.37780135,돈돈정,대전시 서구 둔산동 1010
174,632190,16843,36.2147761,127.4405227,옛터,대전시 동구 하소동 361-1
175,648304,189571,36.34998820000001,127.3889558,블랙스톤,대전시 서구 둔산동 1442
176,648304,35915,36.35644531,127.45077515,진미본,대전시 대덕구 비래동 138-1
177,648304,16862,36.3475035,127.3731065,영희네매운등갈비찜,대전시 서구 갈마동 345-10
178,648304,16848,36.333851,127.4293622,태화장,대전시 동구 정동 36-32
179,648304,186044,36.3519295,127.3890243,빨봉분식,대전시 서구 둔산동 1459
180,652466,233423,36.35848492,127.34798218,갓포호산,대전시 유성구 봉명동 641-3
181,652466,279710,36.35842279,127.34578925,히토메보레,대전시 유성구 봉명동 624-2
182,652466,193024,36.3275433,127.4268212,성심당케익부띠끄,대전시 중구 은행동 153
183,652466,224729,36.3522612,127.3732758,컨트란스,대전시 서구 갈마동 849
184,652466,16912,36.3276777,127.4273086,성심당,대전시 중구 은행동 145-1
185,656311,16915,36.32189941,127.41569519,신촌설렁탕,대전시 중구 문화동 1-182
186,656311,184285,36.3248436,127.4254319,모모제인,대전시 중구 대흥동 412-1
187,656311,268693,36.35295486,127.37780135,돈돈정,대전시 서구 둔산동 1010
188,656311,37724,36.3614446,127.3503033,닭섬,대전시 유성구 궁동 425-15
189,656311,250669,36.363154,127.3587232,마쯔미라멘,대전시 유성구 어은동 114-9
190,721563,189571,36.34998820000001,127.3889558,블랙스톤,대전시 서구 둔산동 1442
191,721563,35915,36.35644531,127.45077515,진미본,대전시 대덕구 비래동 138-1
192,721563,16862,36.3475035,127.3731065,영희네매운등갈비찜,대전시 서구 갈마동 345-10
193,721563,16848,36.333851,127.4293622,태화장,대전시 동구 정동 36-32
194,721563,186044,36.3519295,127.3890243,빨봉분식,대전시 서구 둔산동 1459
195,725800,189571,36.34998820000001,127.3889558,블랙스톤,대전시 서구 둔산동 1442
196,725800,35915,36.35644531,127.45077515,진미본,대전시 대덕구 비래동 138-1
197,725800,188202,36.3630884,127.3577393,베리신주쿠,대전시 유성구 어은동 113-16
198,725800,16848,36.333851,127.4293622,태화장,대전시 동구 정동 36-32
199,725800,279710,36.35842279,127.34578925,히토메보레,대전시 유성구 봉명동 624-2
200,733867,184288,36.3251059,127.42517759999998,느린나무,대전시 중구 대흥동 409-10
201,733867,186044,36.3519295,127.3890243,빨봉분식,대전시 서구 둔산동 1459
202,733867,16915,36.32189941,127.41569519,신촌설렁탕,대전시 중구 문화동 1-182
203,733867,16843,36.2147761,127.4405227,옛터,대전시 동구 하소동 361-1
204,733867,186045,36.42627335,127.38977814,이비가짬뽕,대전시 유성구 관평동 812
205,754881,233423,36.35848492,127.34798218,갓포호산,대전시 유성구 봉명동 641-3
206,754881,279710,36.35842279,127.34578925,히토메보레,대전시 유성구 봉명동 624-2
207,754881,193024,36.3275433,127.4268212,성심당케익부띠끄,대전시 중구 은행동 153
208,754881,224729,36.3522612,127.3732758,컨트란스,대전시 서구 갈마동 849
209,754881,16912,36.3276777,127.4273086,성심당,대전시 중구 은행동 145-1
210,763275,35915,36.35644531,127.45077515,진미본,대전시 대덕구 비래동 138-1
211,763275,165618,36.42248154,127.38792419,국수나무,대전시 유성구 관평동 914
212,763275,216600,36.32843018,127.42940521,연이자카야,대전시 중구 은행동 65-5
213,763275,16915,36.32189941,127.41569519,신촌설렁탕,대전시 중구 문화동 1-182
214,763275,16912,36.3276777,127.4273086,성심당,대전시 중구 은행동 145-1
215,795564,184288,36.3251059,127.42517759999998,느린나무,대전시 중구 대흥동 409-10
216,795564,16843,36.2147761,127.4405227,옛터,대전시 동구 하소동 361-1
217,795564,268693,36.35295486,127.37780135,돈돈정,대전시 서구 둔산동 1010
218,795564,190459,36.37235954,127.34042181,카페희스밀,대전시 유성구 죽동 728-2
219,795564,184285,36.3248436,127.4254319,모모제인,대전시 중구 대흥동 412-1
0,6303,224801,36.3625626,127.34982820000002,파스타부오노,대전시 유성구 궁동 410
1,6303,188235,36.3518803,127.3757299,모모가든,대전시 서구 둔산동 1081
2,6303,37724,36.3614446,127.3503033,닭섬,대전시 유성구 궁동 425-15
3,6303,186044,36.3519295,127.3890243,빨봉분식,대전시 서구 둔산동 1459
4,6303,36665,36.34291508,127.38813912,풍전삼계탕,대전시 서구 탄방동 681
5,17805,192069,36.37356526,127.31888411,항아리보쌈,대전시 유성구 지족동 906-1
6,17805,277980,36.35124336,127.37642948,라드커피앤펍,대전시 서구 둔산동 1068
7,17805,36784,36.3541335,127.3754735,로보쿡,대전시 서구 둔산동 970
8,17805,193432,36.362897,127.3503088,새빨간죠스찜닭,대전시 유성구 궁동 400-4
9,17805,186044,36.3519295,127.3890243,빨봉분식,대전시 서구 둔산동 1459
10,18385,36784,36.3541335,127.3754735,로보쿡,대전시 서구 둔산동 970
11,18385,191511,36.3864605,127.3174059,피자알볼로,대전시 유성구 지족동 986-1
12,18385,272651,36.39937731,127.40276855,백프로스시베이,대전시 유성구 전민동 307-2
13,18385,37782,36.36232376,127.3500061,멜로우멜로디,대전시 유성구 궁동 410-9
14,18385,150631,36.3168448,127.3923232,정식당,대전시 중구 유천동 328-12
15,27272,37724,36.3614446,127.3503033,닭섬,대전시 유성구 궁동 425-15
16,27272,36665,36.34291508,127.38813912,풍전삼계탕,대전시 서구 탄방동 681
17,27272,37062,36.3473704,127.3954946,5?5닭갈비,대전시 서구 탄방동 1034
18,27272,37331,36.32260895,127.37142944,치르치르,대전시 서구 도마동 26-28
19,27272,188235,36.3518803,127.3757299,모모가든,대전시 서구 둔산동 1081
20,27285,224801,36.3625626,127.34982820000002,파스타부오노,대전시 유성구 궁동 410
21,27285,37782,36.36232376,127.3500061,멜로우멜로디,대전시 유성구 궁동 410-9
22,27285,37062,36.3473704,127.3954946,5?5닭갈비,대전시 서구 탄방동 1034
23,27285,36665,36.34291508,127.38813912,풍전삼계탕,대전시 서구 탄방동 681
24,27285,37331,36.32260895,127.37142944,치르치르,대전시 서구 도마동 26-28
25,27565,186044,36.3519295,127.3890243,빨봉분식,대전시 서구 둔산동 1459
26,27565,277980,36.35124336,127.37642948,라드커피앤펍,대전시 서구 둔산동 1068
27,27565,186001,36.35133362,127.42534637,스바라시라멘,대전시 대덕구 오정동 223-272
28,27565,224804,36.3280513,127.4282396,니뽕내뽕,대전시 중구 은행동 33-2
29,27565,17249,36.42454910000001,127.39090729,아삼육회,대전시 유성구 관평동 1076
30,47958,277980,36.35124336,127.37642948,라드커피앤펍,대전시 서구 둔산동 1068
31,47958,186044,36.3519295,127.3890243,빨봉분식,대전시 서구 둔산동 1459
32,47958,186001,36.35133362,127.42534637,스바라시라멘,대전시 대덕구 오정동 223-272
33,47958,192069,36.37356526,127.31888411,항아리보쌈,대전시 유성구 지족동 906-1
34,47958,225334,36.3580318,127.3511759,태평소국밥,대전시 유성구 봉명동 676-3
35,71232,16903,36.4461706,127.3838205,할머니묵집,대전시 유성구 봉산동 709-16
36,71232,36915,36.350287,127.387256,파더스스테이크,대전시 서구 둔산동 1417
37,71232,192362,36.36320886,127.35714872,어은스시,대전시 유성구 어은동 110-3
38,71232,188235,36.3518803,127.3757299,모모가든,대전시 서구 둔산동 1081
39,71232,37475,36.39869,127.4036619,광세족발,대전시 유성구 전민동 329-18
40,218199,277980,36.35124336,127.37642948,라드커피앤펍,대전시 서구 둔산동 1068
41,218199,186044,36.3519295,127.3890243,빨봉분식,대전시 서구 둔산동 1459
42,218199,186001,36.35133362,127.42534637,스바라시라멘,대전시 대덕구 오정동 223-272
43,218199,192069,36.37356526,127.31888411,항아리보쌈,대전시 유성구 지족동 906-1
44,218199,225334,36.3580318,127.3511759,태평소국밥,대전시 유성구 봉명동 676-3
45,222444,36784,36.3541335,127.3754735,로보쿡,대전시 서구 둔산동 970
46,222444,191511,36.3864605,127.3174059,피자알볼로,대전시 유성구 지족동 986-1
47,222444,272651,36.39937731,127.40276855,백프로스시베이,대전시 유성구 전민동 307-2
48,222444,37782,36.36232376,127.3500061,멜로우멜로디,대전시 유성구 궁동 410-9
49,222444,150631,36.3168448,127.3923232,정식당,대전시 중구 유천동 328-12
50,242195,192069,36.37356526,127.31888411,항아리보쌈,대전시 유성구 지족동 906-1
51,242195,277980,36.35124336,127.37642948,라드커피앤펍,대전시 서구 둔산동 1068
52,242195,36784,36.3541335,127.3754735,로보쿡,대전시 서구 둔산동 970
53,242195,193432,36.362897,127.3503088,새빨간죠스찜닭,대전시 유성구 궁동 400-4
54,242195,186044,36.3519295,127.3890243,빨봉분식,대전시 서구 둔산동 1459
55,303451,224801,36.3625626,127.34982820000002,파스타부오노,대전시 유성구 궁동 410
56,303451,188235,36.3518803,127.3757299,모모가든,대전시 서구 둔산동 1081
57,303451,37724,36.3614446,127.3503033,닭섬,대전시 유성구 궁동 425-15
58,303451,186044,36.3519295,127.3890243,빨봉분식,대전시 서구 둔산동 1459
59,303451,36665,36.34291508,127.38813912,풍전삼계탕,대전시 서구 탄방동 681
60,392778,193432,36.362897,127.3503088,새빨간죠스찜닭,대전시 유성구 궁동 400-4
61,392778,224801,36.3625626,127.34982820000002,파스타부오노,대전시 유성구 궁동 410
62,392778,17249,36.42454910000001,127.39090729,아삼육회,대전시 유성구 관평동 1076
63,392778,37475,36.39869,127.4036619,광세족발,대전시 유성구 전민동 329-18
64,392778,272651,36.39937731,127.40276855,백프로스시베이,대전시 유성구 전민동 307-2
65,423121,193432,36.362897,127.3503088,새빨간죠스찜닭,대전시 유성구 궁동 400-4
66,423121,224801,36.3625626,127.34982820000002,파스타부오노,대전시 유성구 궁동 410
67,423121,17249,36.42454910000001,127.39090729,아삼육회,대전시 유성구 관평동 1076
68,423121,37475,36.39869,127.4036619,광세족발,대전시 유성구 전민동 329-18
69,423121,272651,36.39937731,127.40276855,백프로스시베이,대전시 유성구 전민동 307-2
70,450180,192069,36.37356526,127.31888411,항아리보쌈,대전시 유성구 지족동 906-1
71,450180,277980,36.35124336,127.37642948,라드커피앤펍,대전시 서구 둔산동 1068
72,450180,36784,36.3541335,127.3754735,로보쿡,대전시 서구 둔산동 970
73,450180,193432,36.362897,127.3503088,새빨간죠스찜닭,대전시 유성구 궁동 400-4
74,450180,186044,36.3519295,127.3890243,빨봉분식,대전시 서구 둔산동 1459
75,457236,193432,36.362897,127.3503088,새빨간죠스찜닭,대전시 유성구 궁동 400-4
76,457236,224801,36.3625626,127.34982820000002,파스타부오노,대전시 유성구 궁동 410
77,457236,17249,36.42454910000001,127.39090729,아삼육회,대전시 유성구 관평동 1076
78,457236,37475,36.39869,127.4036619,광세족발,대전시 유성구 전민동 329-18
79,457236,272651,36.39937731,127.40276855,백프로스시베이,대전시 유성구 전민동 307-2
80,468256,224801,36.3625626,127.34982820000002,파스타부오노,대전시 유성구 궁동 410
81,468256,37782,36.36232376,127.3500061,멜로우멜로디,대전시 유성구 궁동 410-9
82,468256,37062,36.3473704,127.3954946,5?5닭갈비,대전시 서구 탄방동 1034
83,468256,36665,36.34291508,127.38813912,풍전삼계탕,대전시 서구 탄방동 681
84,468256,37331,36.32260895,127.37142944,치르치르,대전시 서구 도마동 26-28
85,496463,36784,36.3541335,127.3754735,로보쿡,대전시 서구 둔산동 970
86,496463,191511,36.3864605,127.3174059,피자알볼로,대전시 유성구 지족동 986-1
87,496463,272651,36.39937731,127.40276855,백프로스시베이,대전시 유성구 전민동 307-2
88,496463,37782,36.36232376,127.3500061,멜로우멜로디,대전시 유성구 궁동 410-9
89,496463,150631,36.3168448,127.3923232,정식당,대전시 중구 유천동 328-12
90,519957,16903,36.4461706,127.3838205,할머니묵집,대전시 유성구 봉산동 709-16
91,519957,36915,36.350287,127.387256,파더스스테이크,대전시 서구 둔산동 1417
92,519957,192362,36.36320886,127.35714872,어은스시,대전시 유성구 어은동 110-3
93,519957,188235,36.3518803,127.3757299,모모가든,대전시 서구 둔산동 1081
94,519957,37475,36.39869,127.4036619,광세족발,대전시 유성구 전민동 329-18
95,609341,37724,36.3614446,127.3503033,닭섬,대전시 유성구 궁동 425-15
96,609341,36665,36.34291508,127.38813912,풍전삼계탕,대전시 서구 탄방동 681
97,609341,37062,36.3473704,127.3954946,5?5닭갈비,대전시 서구 탄방동 1034
98,609341,37331,36.32260895,127.37142944,치르치르,대전시 서구 도마동 26-28
99,609341,188235,36.3518803,127.3757299,모모가든,대전시 서구 둔산동 1081
100,675885,16903,36.4461706,127.3838205,할머니묵집,대전시 유성구 봉산동 709-16
101,675885,36915,36.350287,127.387256,파더스스테이크,대전시 서구 둔산동 1417
102,675885,192362,36.36320886,127.35714872,어은스시,대전시 유성구 어은동 110-3
103,675885,188235,36.3518803,127.3757299,모모가든,대전시 서구 둔산동 1081
104,675885,37475,36.39869,127.4036619,광세족발,대전시 유성구 전민동 329-18
105,740608,37724,36.3614446,127.3503033,닭섬,대전시 유성구 궁동 425-15
106,740608,36665,36.34291508,127.38813912,풍전삼계탕,대전시 서구 탄방동 681
107,740608,37062,36.3473704,127.3954946,5?5닭갈비,대전시 서구 탄방동 1034
108,740608,37331,36.32260895,127.37142944,치르치르,대전시 서구 도마동 26-28
109,740608,188235,36.3518803,127.3757299,모모가든,대전시 서구 둔산동 1081
110,760465,224801,36.3625626,127.34982820000002,파스타부오노,대전시 유성구 궁동 410
111,760465,37782,36.36232376,127.3500061,멜로우멜로디,대전시 유성구 궁동 410-9
112,760465,37062,36.3473704,127.3954946,5?5닭갈비,대전시 서구 탄방동 1034
113,760465,36665,36.34291508,127.38813912,풍전삼계탕,대전시 서구 탄방동 681
114,760465,37331,36.32260895,127.37142944,치르치르,대전시 서구 도마동 26-28
115,802034,193432,36.362897,127.3503088,새빨간죠스찜닭,대전시 유성구 궁동 400-4
116,802034,224801,36.3625626,127.34982820000002,파스타부오노,대전시 유성구 궁동 410
117,802034,17249,36.42454910000001,127.39090729,아삼육회,대전시 유성구 관평동 1076
118,802034,37475,36.39869,127.4036619,광세족발,대전시 유성구 전민동 329-18
119,802034,272651,36.39937731,127.40276855,백프로스시베이,대전시 유성구 전민동 307-2
120,803594,192069,36.37356526,127.31888411,항아리보쌈,대전시 유성구 지족동 906-1
121,803594,277980,36.35124336,127.37642948,라드커피앤펍,대전시 서구 둔산동 1068
122,803594,36784,36.3541335,127.3754735,로보쿡,대전시 서구 둔산동 970
123,803594,193432,36.362897,127.3503088,새빨간죠스찜닭,대전시 유성구 궁동 400-4
124,803594,186044,36.3519295,127.3890243,빨봉분식,대전시 서구 둔산동 1459
0,7872,37497,36.3616477,127.3505043,봉대박스파게티,대전시 유성구 궁동 425-2
1,7872,237061,36.3471387,127.3395798,궁중칼국수,대전시 유성구 상대동 470-7
2,7872,285150,36.36458010000001,127.3412996,커피인터뷰,대전시 유성구 궁동 244-4
3,7872,36915,36.350287,127.387256,파더스스테이크,대전시 서구 둔산동 1417
4,7872,37062,36.3473704,127.3954946,5?5닭갈비,대전시 서구 탄방동 1034
5,14498,37497,36.3616477,127.3505043,봉대박스파게티,대전시 유성구 궁동 425-2
6,14498,237061,36.3471387,127.3395798,궁중칼국수,대전시 유성구 상대동 470-7
7,14498,285150,36.36458010000001,127.3412996,커피인터뷰,대전시 유성구 궁동 244-4
8,14498,36915,36.350287,127.387256,파더스스테이크,대전시 서구 둔산동 1417
9,14498,37062,36.3473704,127.3954946,5?5닭갈비,대전시 서구 탄방동 1034
10,21685,37546,36.38923645,127.31528473,후루룩손칼국수,대전시 유성구 반석동 659-1
11,21685,37393,36.36048889,127.34056854,이비가짬뽕,대전시 유성구 궁동 462-12
12,21685,36614,36.36576343,127.37631667,병규돈가스,대전시 서구 만년동 264
13,21685,237061,36.3471387,127.3395798,궁중칼국수,대전시 유성구 상대동 470-7
14,21685,16891,36.39017310000001,127.3502037,숯골원냉면,대전시 유성구 신성동 136-2
15,37620,189576,36.362987,127.3570346,콜마르브레드,대전시 유성구 어은동 110-9
16,37620,16867,36.3683794,127.3810583,천년의정원,대전시 서구 만년동 322
17,37620,285150,36.36458010000001,127.3412996,커피인터뷰,대전시 유성구 궁동 244-4
18,37620,37546,36.38923645,127.31528473,후루룩손칼국수,대전시 유성구 반석동 659-1
19,37620,188235,36.3518803,127.3757299,모모가든,대전시 서구 둔산동 1081
20,47540,285150,36.36458010000001,127.3412996,커피인터뷰,대전시 유성구 궁동 244-4
21,47540,36614,36.36576343,127.37631667,병규돈가스,대전시 서구 만년동 264
22,47540,188235,36.3518803,127.3757299,모모가든,대전시 서구 둔산동 1081
23,47540,257244,36.3618428,127.3503048,불란서삼겹살,대전시 유성구 궁동 409-5
24,47540,272219,36.38037235,127.32504145,이태리식탁,대전시 유성구 죽동 618-6
25,47750,36784,36.3541335,127.3754735,로보쿡,대전시 서구 둔산동 970
26,47750,35606,36.3592648,127.4265946,오문창순대국밥,대전시 대덕구 중리동 203-2
27,47750,241412,36.3281314,127.3989486,괸돌해물찜,대전시 중구 태평동 339-6
28,47750,36915,36.350287,127.387256,파더스스테이크,대전시 서구 둔산동 1417
29,47750,37546,36.38923645,127.31528473,후루룩손칼국수,대전시 유성구 반석동 659-1
30,54264,189576,36.362987,127.3570346,콜마르브레드,대전시 유성구 어은동 110-9
31,54264,16867,36.3683794,127.3810583,천년의정원,대전시 서구 만년동 322
32,54264,285150,36.36458010000001,127.3412996,커피인터뷰,대전시 유성구 궁동 244-4
33,54264,37546,36.38923645,127.31528473,후루룩손칼국수,대전시 유성구 반석동 659-1
34,54264,188235,36.3518803,127.3757299,모모가든,대전시 서구 둔산동 1081
35,54793,16912,36.3276777,127.4273086,성심당,대전시 중구 은행동 145-1
36,54793,252056,36.3526428,127.3465321,부연부,대전시 유성구 봉명동 543-17
37,54793,37546,36.38923645,127.31528473,후루룩손칼국수,대전시 유성구 반석동 659-1
38,54793,203490,36.3537674,127.37825775,김현정떡볶기,대전시 서구 둔산동 1018
39,54793,35606,36.3592648,127.4265946,오문창순대국밥,대전시 대덕구 중리동 203-2
40,58179,37497,36.3616477,127.3505043,봉대박스파게티,대전시 유성구 궁동 425-2
41,58179,237061,36.3471387,127.3395798,궁중칼국수,대전시 유성구 상대동 470-7
42,58179,285150,36.36458010000001,127.3412996,커피인터뷰,대전시 유성구 궁동 244-4
43,58179,36915,36.350287,127.387256,파더스스테이크,대전시 서구 둔산동 1417
44,58179,37062,36.3473704,127.3954946,5?5닭갈비,대전시 서구 탄방동 1034
45,96504,16912,36.3276777,127.4273086,성심당,대전시 중구 은행동 145-1
46,96504,252056,36.3526428,127.3465321,부연부,대전시 유성구 봉명동 543-17
47,96504,37546,36.38923645,127.31528473,후루룩손칼국수,대전시 유성구 반석동 659-1
48,96504,203490,36.3537674,127.37825775,김현정떡볶기,대전시 서구 둔산동 1018
49,96504,35606,36.3592648,127.4265946,오문창순대국밥,대전시 대덕구 중리동 203-2
50,147256,285150,36.36458010000001,127.3412996,커피인터뷰,대전시 유성구 궁동 244-4
51,147256,36614,36.36576343,127.37631667,병규돈가스,대전시 서구 만년동 264
52,147256,188235,36.3518803,127.3757299,모모가든,대전시 서구 둔산동 1081
53,147256,257244,36.3618428,127.3503048,불란서삼겹살,대전시 유성구 궁동 409-5
54,147256,272219,36.38037235,127.32504145,이태리식탁,대전시 유성구 죽동 618-6
55,162501,189576,36.362987,127.3570346,콜마르브레드,대전시 유성구 어은동 110-9
56,162501,16867,36.3683794,127.3810583,천년의정원,대전시 서구 만년동 322
57,162501,285150,36.36458010000001,127.3412996,커피인터뷰,대전시 유성구 궁동 244-4
58,162501,37546,36.38923645,127.31528473,후루룩손칼국수,대전시 유성구 반석동 659-1
59,162501,188235,36.3518803,127.3757299,모모가든,대전시 서구 둔산동 1081
60,187278,37546,36.38923645,127.31528473,후루룩손칼국수,대전시 유성구 반석동 659-1
61,187278,37393,36.36048889,127.34056854,이비가짬뽕,대전시 유성구 궁동 462-12
62,187278,36614,36.36576343,127.37631667,병규돈가스,대전시 서구 만년동 264
63,187278,237061,36.3471387,127.3395798,궁중칼국수,대전시 유성구 상대동 470-7
64,187278,16891,36.39017310000001,127.3502037,숯골원냉면,대전시 유성구 신성동 136-2
65,198118,285150,36.36458010000001,127.3412996,커피인터뷰,대전시 유성구 궁동 244-4
66,198118,36614,36.36576343,127.37631667,병규돈가스,대전시 서구 만년동 264
67,198118,188235,36.3518803,127.3757299,모모가든,대전시 서구 둔산동 1081
68,198118,257244,36.3618428,127.3503048,불란서삼겹살,대전시 유성구 궁동 409-5
69,198118,272219,36.38037235,127.32504145,이태리식탁,대전시 유성구 죽동 618-6
70,322577,16889,36.4150305,127.3822741,솔밭묵집,대전시 유성구 관평동 542-5
71,322577,203490,36.3537674,127.37825775,김현정떡볶기,대전시 서구 둔산동 1018
72,322577,215936,36.29718399,127.33834076,병규스토리,대전시 서구 관저동 1537
73,322577,188670,36.3537403,127.3772697,설해돈,대전시 서구 둔산동 993
74,322577,37534,36.3517723,127.3303889,착한낙지,대전시 유성구 구암동 624-1
75,366432,16889,36.4150305,127.3822741,솔밭묵집,대전시 유성구 관평동 542-5
76,366432,203490,36.3537674,127.37825775,김현정떡볶기,대전시 서구 둔산동 1018
77,366432,215936,36.29718399,127.33834076,병규스토리,대전시 서구 관저동 1537
78,366432,188670,36.3537403,127.3772697,설해돈,대전시 서구 둔산동 993
79,366432,37534,36.3517723,127.3303889,착한낙지,대전시 유성구 구암동 624-1
80,384561,36784,36.3541335,127.3754735,로보쿡,대전시 서구 둔산동 970
81,384561,35606,36.3592648,127.4265946,오문창순대국밥,대전시 대덕구 중리동 203-2
82,384561,241412,36.3281314,127.3989486,괸돌해물찜,대전시 중구 태평동 339-6
83,384561,36915,36.350287,127.387256,파더스스테이크,대전시 서구 둔산동 1417
84,384561,37546,36.38923645,127.31528473,후루룩손칼국수,대전시 유성구 반석동 659-1
85,470218,16889,36.4150305,127.3822741,솔밭묵집,대전시 유성구 관평동 542-5
86,470218,203490,36.3537674,127.37825775,김현정떡볶기,대전시 서구 둔산동 1018
87,470218,215936,36.29718399,127.33834076,병규스토리,대전시 서구 관저동 1537
88,470218,188670,36.3537403,127.3772697,설해돈,대전시 서구 둔산동 993
89,470218,37534,36.3517723,127.3303889,착한낙지,대전시 유성구 구암동 624-1
90,470946,16891,36.39017310000001,127.3502037,숯골원냉면,대전시 유성구 신성동 136-2
91,470946,272219,36.38037235,127.32504145,이태리식탁,대전시 유성구 죽동 618-6
92,470946,37393,36.36048889,127.34056854,이비가짬뽕,대전시 유성구 궁동 462-12
93,470946,257244,36.3618428,127.3503048,불란서삼겹살,대전시 유성구 궁동 409-5
94,470946,37534,36.3517723,127.3303889,착한낙지,대전시 유성구 구암동 624-1
95,581183,16891,36.39017310000001,127.3502037,숯골원냉면,대전시 유성구 신성동 136-2
96,581183,272219,36.38037235,127.32504145,이태리식탁,대전시 유성구 죽동 618-6
97,581183,37393,36.36048889,127.34056854,이비가짬뽕,대전시 유성구 궁동 462-12
98,581183,257244,36.3618428,127.3503048,불란서삼겹살,대전시 유성구 궁동 409-5
99,581183,37534,36.3517723,127.3303889,착한낙지,대전시 유성구 구암동 624-1
100,587395,16912,36.3276777,127.4273086,성심당,대전시 중구 은행동 145-1
101,587395,252056,36.3526428,127.3465321,부연부,대전시 유성구 봉명동 543-17
102,587395,37546,36.38923645,127.31528473,후루룩손칼국수,대전시 유성구 반석동 659-1
103,587395,203490,36.3537674,127.37825775,김현정떡볶기,대전시 서구 둔산동 1018
104,587395,35606,36.3592648,127.4265946,오문창순대국밥,대전시 대덕구 중리동 203-2
105,599591,285150,36.36458010000001,127.3412996,커피인터뷰,대전시 유성구 궁동 244-4
106,599591,36614,36.36576343,127.37631667,병규돈가스,대전시 서구 만년동 264
107,599591,188235,36.3518803,127.3757299,모모가든,대전시 서구 둔산동 1081
108,599591,257244,36.3618428,127.3503048,불란서삼겹살,대전시 유성구 궁동 409-5
109,599591,272219,36.38037235,127.32504145,이태리식탁,대전시 유성구 죽동 618-6
110,615460,189576,36.362987,127.3570346,콜마르브레드,대전시 유성구 어은동 110-9
111,615460,16867,36.3683794,127.3810583,천년의정원,대전시 서구 만년동 322
112,615460,285150,36.36458010000001,127.3412996,커피인터뷰,대전시 유성구 궁동 244-4
113,615460,37546,36.38923645,127.31528473,후루룩손칼국수,대전시 유성구 반석동 659-1
114,615460,188235,36.3518803,127.3757299,모모가든,대전시 서구 둔산동 1081
115,624547,16912,36.3276777,127.4273086,성심당,대전시 중구 은행동 145-1
116,624547,252056,36.3526428,127.3465321,부연부,대전시 유성구 봉명동 543-17
117,624547,37546,36.38923645,127.31528473,후루룩손칼국수,대전시 유성구 반석동 659-1
118,624547,203490,36.3537674,127.37825775,김현정떡볶기,대전시 서구 둔산동 1018
119,624547,35606,36.3592648,127.4265946,오문창순대국밥,대전시 대덕구 중리동 203-2
120,629275,36784,36.3541335,127.3754735,로보쿡,대전시 서구 둔산동 970
121,629275,35606,36.3592648,127.4265946,오문창순대국밥,대전시 대덕구 중리동 203-2
122,629275,241412,36.3281314,127.3989486,괸돌해물찜,대전시 중구 태평동 339-6
123,629275,36915,36.350287,127.387256,파더스스테이크,대전시 서구 둔산동 1417
124,629275,37546,36.38923645,127.31528473,후루룩손칼국수,대전시 유성구 반석동 659-1
125,663375,16891,36.39017310000001,127.3502037,숯골원냉면,대전시 유성구 신성동 136-2
126,663375,272219,36.38037235,127.32504145,이태리식탁,대전시 유성구 죽동 618-6
127,663375,37393,36.36048889,127.34056854,이비가짬뽕,대전시 유성구 궁동 462-12
128,663375,257244,36.3618428,127.3503048,불란서삼겹살,대전시 유성구 궁동 409-5
129,663375,37534,36.3517723,127.3303889,착한낙지,대전시 유성구 구암동 624-1
130,688272,37546,36.38923645,127.31528473,후루룩손칼국수,대전시 유성구 반석동 659-1
131,688272,37393,36.36048889,127.34056854,이비가짬뽕,대전시 유성구 궁동 462-12
132,688272,36614,36.36576343,127.37631667,병규돈가스,대전시 서구 만년동 264
133,688272,237061,36.3471387,127.3395798,궁중칼국수,대전시 유성구 상대동 470-7
134,688272,16891,36.39017310000001,127.3502037,숯골원냉면,대전시 유성구 신성동 136-2
135,724912,189576,36.362987,127.3570346,콜마르브레드,대전시 유성구 어은동 110-9
136,724912,16867,36.3683794,127.3810583,천년의정원,대전시 서구 만년동 322
137,724912,285150,36.36458010000001,127.3412996,커피인터뷰,대전시 유성구 궁동 244-4
138,724912,37546,36.38923645,127.31528473,후루룩손칼국수,대전시 유성구 반석동 659-1
139,724912,188235,36.3518803,127.3757299,모모가든,대전시 서구 둔산동 1081
140,736868,37497,36.3616477,127.3505043,봉대박스파게티,대전시 유성구 궁동 425-2
141,736868,237061,36.3471387,127.3395798,궁중칼국수,대전시 유성구 상대동 470-7
142,736868,285150,36.36458010000001,127.3412996,커피인터뷰,대전시 유성구 궁동 244-4
143,736868,36915,36.350287,127.387256,파더스스테이크,대전시 서구 둔산동 1417
144,736868,37062,36.3473704,127.3954946,5?5닭갈비,대전시 서구 탄방동 1034
145,744087,16891,36.39017310000001,127.3502037,숯골원냉면,대전시 유성구 신성동 136-2
146,744087,272219,36.38037235,127.32504145,이태리식탁,대전시 유성구 죽동 618-6
147,744087,37393,36.36048889,127.34056854,이비가짬뽕,대전시 유성구 궁동 462-12
148,744087,257244,36.3618428,127.3503048,불란서삼겹살,대전시 유성구 궁동 409-5
149,744087,37534,36.3517723,127.3303889,착한낙지,대전시 유성구 구암동 624-1
0,5086,224729,36.3522612,127.3732758,컨트란스,대전시 서구 갈마동 849
1,5086,188235,36.3518803,127.3757299,모모가든,대전시 서구 둔산동 1081
2,5086,37520,36.3525011,127.3405048,이화수,대전시 유성구 봉명동 554-5
3,5086,16856,36.3610131,127.3772871,동천홍,대전시 서구 월평동 279
4,5086,37379,36.3623443,127.3578708,플레이버거,대전시 유성구 어은동 115-4
5,8184,274303,36.34822347,127.33238499,올래국수,대전시 유성구 상대동 440-8
6,8184,36847,36.32975006,127.34134674,행오버먼데이,대전시 서구 도안동 939
7,8184,37364,36.35941773,127.34452796,스바라시라멘,대전시 유성구 봉명동 611-1
8,8184,37379,36.3623443,127.3578708,플레이버거,대전시 유성구 어은동 115-4
9,8184,263648,36.35884199,127.34914695,하우쿡,대전시 유성구 봉명동 640-7
10,9354,224729,36.3522612,127.3732758,컨트란스,대전시 서구 갈마동 849
11,9354,188235,36.3518803,127.3757299,모모가든,대전시 서구 둔산동 1081
12,9354,37520,36.3525011,127.3405048,이화수,대전시 유성구 봉명동 554-5
13,9354,16856,36.3610131,127.3772871,동천홍,대전시 서구 월평동 279
14,9354,36099,36.3278354,127.4337148,오씨칼국수,대전시 동구 원동 41-3
15,9388,16852,36.36637750000001,127.3804987,귀빈돌솥밥,대전시 서구 만년동 349
16,9388,109083,36.35908219,127.32000602,성경 만두요리전문점,대전시 유성구 구암동 425-50
17,9388,188668,36.361007,127.35003600000002,노네임,대전시 유성구 궁동 422-7
18,9388,16856,36.3610131,127.3772871,동천홍,대전시 서구 월평동 279
19,9388,16889,36.4150305,127.3822741,솔밭묵집,대전시 유성구 관평동 542-5
20,22971,237129,36.3337643,127.4453732,커리헛,대전시 동구 대동 401-31
21,22971,274303,36.34822347,127.33238499,올래국수,대전시 유성구 상대동 440-8
22,22971,188235,36.3518803,127.3757299,모모가든,대전시 서구 둔산동 1081
23,22971,252056,36.3526428,127.3465321,부연부,대전시 유성구 봉명동 543-17
24,22971,109083,36.35908219,127.32000602,성경 만두요리전문점,대전시 유성구 구암동 425-50
25,29768,252056,36.3526428,127.3465321,부연부,대전시 유성구 봉명동 543-17
26,29768,263648,36.35884199,127.34914695,하우쿡,대전시 유성구 봉명동 640-7
27,29768,37520,36.3525011,127.3405048,이화수,대전시 유성구 봉명동 554-5
28,29768,36784,36.3541335,127.3754735,로보쿡,대전시 서구 둔산동 970
29,29768,37611,36.3747365,127.32033359999998,거저울,대전시 유성구 지족동 912-7
30,43205,16889,36.4150305,127.3822741,솔밭묵집,대전시 유성구 관평동 542-5
31,43205,188668,36.361007,127.35003600000002,노네임,대전시 유성구 궁동 422-7
32,43205,16856,36.3610131,127.3772871,동천홍,대전시 서구 월평동 279
33,43205,16852,36.36637750000001,127.3804987,귀빈돌솥밥,대전시 서구 만년동 349
34,43205,263648,36.35884199,127.34914695,하우쿡,대전시 유성구 봉명동 640-7
35,50267,224729,36.3522612,127.3732758,컨트란스,대전시 서구 갈마동 849
36,50267,188235,36.3518803,127.3757299,모모가든,대전시 서구 둔산동 1081
37,50267,37520,36.3525011,127.3405048,이화수,대전시 유성구 봉명동 554-5
38,50267,16856,36.3610131,127.3772871,동천홍,대전시 서구 월평동 279
39,50267,37379,36.3623443,127.3578708,플레이버거,대전시 유성구 어은동 115-4
40,54384,274303,36.34822347,127.33238499,올래국수,대전시 유성구 상대동 440-8
41,54384,36847,36.32975006,127.34134674,행오버먼데이,대전시 서구 도안동 939
42,54384,37364,36.35941773,127.34452796,스바라시라멘,대전시 유성구 봉명동 611-1
43,54384,37379,36.3623443,127.3578708,플레이버거,대전시 유성구 어은동 115-4
44,54384,263648,36.35884199,127.34914695,하우쿡,대전시 유성구 봉명동 640-7
45,148682,37379,36.3623443,127.3578708,플레이버거,대전시 유성구 어은동 115-4
46,148682,237129,36.3337643,127.4453732,커리헛,대전시 동구 대동 401-31
47,148682,109083,36.35908219,127.32000602,성경 만두요리전문점,대전시 유성구 구암동 425-50
48,148682,37364,36.35941773,127.34452796,스바라시라멘,대전시 유성구 봉명동 611-1
49,148682,37611,36.3747365,127.32033359999998,거저울,대전시 유성구 지족동 912-7
50,183154,37379,36.3623443,127.3578708,플레이버거,대전시 유성구 어은동 115-4
51,183154,237129,36.3337643,127.4453732,커리헛,대전시 동구 대동 401-31
52,183154,109083,36.35908219,127.32000602,성경 만두요리전문점,대전시 유성구 구암동 425-50
53,183154,37364,36.35941773,127.34452796,스바라시라멘,대전시 유성구 봉명동 611-1
54,183154,37611,36.3747365,127.32033359999998,거저울,대전시 유성구 지족동 912-7
55,397323,237129,36.3337643,127.4453732,커리헛,대전시 동구 대동 401-31
56,397323,274303,36.34822347,127.33238499,올래국수,대전시 유성구 상대동 440-8
57,397323,188235,36.3518803,127.3757299,모모가든,대전시 서구 둔산동 1081
58,397323,252056,36.3526428,127.3465321,부연부,대전시 유성구 봉명동 543-17
59,397323,109083,36.35908219,127.32000602,성경 만두요리전문점,대전시 유성구 구암동 425-50
60,455330,252056,36.3526428,127.3465321,부연부,대전시 유성구 봉명동 543-17
61,455330,263648,36.35884199,127.34914695,하우쿡,대전시 유성구 봉명동 640-7
62,455330,37520,36.3525011,127.3405048,이화수,대전시 유성구 봉명동 554-5
63,455330,36784,36.3541335,127.3754735,로보쿡,대전시 서구 둔산동 970
64,455330,37611,36.3747365,127.32033359999998,거저울,대전시 유성구 지족동 912-7
65,470616,274303,36.34822347,127.33238499,올래국수,대전시 유성구 상대동 440-8
66,470616,36847,36.32975006,127.34134674,행오버먼데이,대전시 서구 도안동 939
67,470616,37364,36.35941773,127.34452796,스바라시라멘,대전시 유성구 봉명동 611-1
68,470616,37379,36.3623443,127.3578708,플레이버거,대전시 유성구 어은동 115-4
69,470616,263648,36.35884199,127.34914695,하우쿡,대전시 유성구 봉명동 640-7
70,479659,252056,36.3526428,127.3465321,부연부,대전시 유성구 봉명동 543-17
71,479659,188668,36.361007,127.35003600000002,노네임,대전시 유성구 궁동 422-7
72,479659,274303,36.34822347,127.33238499,올래국수,대전시 유성구 상대동 440-8
73,479659,36099,36.3278354,127.4337148,오씨칼국수,대전시 동구 원동 41-3
74,479659,36847,36.32975006,127.34134674,행오버먼데이,대전시 서구 도안동 939
75,493878,16889,36.4150305,127.3822741,솔밭묵집,대전시 유성구 관평동 542-5
76,493878,188668,36.361007,127.35003600000002,노네임,대전시 유성구 궁동 422-7
77,493878,16856,36.3610131,127.3772871,동천홍,대전시 서구 월평동 279
78,493878,16852,36.36637750000001,127.3804987,귀빈돌솥밥,대전시 서구 만년동 349
79,493878,263648,36.35884199,127.34914695,하우쿡,대전시 유성구 봉명동 640-7
80,509337,252056,36.3526428,127.3465321,부연부,대전시 유성구 봉명동 543-17
81,509337,188668,36.361007,127.35003600000002,노네임,대전시 유성구 궁동 422-7
82,509337,274303,36.34822347,127.33238499,올래국수,대전시 유성구 상대동 440-8
83,509337,36099,36.3278354,127.4337148,오씨칼국수,대전시 동구 원동 41-3
84,509337,36847,36.32975006,127.34134674,행오버먼데이,대전시 서구 도안동 939
85,518224,224729,36.3522612,127.3732758,컨트란스,대전시 서구 갈마동 849
86,518224,188235,36.3518803,127.3757299,모모가든,대전시 서구 둔산동 1081
87,518224,37520,36.3525011,127.3405048,이화수,대전시 유성구 봉명동 554-5
88,518224,16856,36.3610131,127.3772871,동천홍,대전시 서구 월평동 279
89,518224,37379,36.3623443,127.3578708,플레이버거,대전시 유성구 어은동 115-4
90,698073,16889,36.4150305,127.3822741,솔밭묵집,대전시 유성구 관평동 542-5
91,698073,188668,36.361007,127.35003600000002,노네임,대전시 유성구 궁동 422-7
92,698073,16856,36.3610131,127.3772871,동천홍,대전시 서구 월평동 279
93,698073,16852,36.36637750000001,127.3804987,귀빈돌솥밥,대전시 서구 만년동 349
94,698073,263648,36.35884199,127.34914695,하우쿡,대전시 유성구 봉명동 640-7
95,744800,274303,36.34822347,127.33238499,올래국수,대전시 유성구 상대동 440-8
96,744800,237129,36.3337643,127.4453732,커리헛,대전시 동구 대동 401-31
97,744800,252056,36.3526428,127.3465321,부연부,대전시 유성구 봉명동 543-17
98,744800,188235,36.3518803,127.3757299,모모가든,대전시 서구 둔산동 1081
99,744800,188668,36.361007,127.35003600000002,노네임,대전시 유성구 궁동 422-7
100,752906,16852,36.36637750000001,127.3804987,귀빈돌솥밥,대전시 서구 만년동 349
101,752906,109083,36.35908219,127.32000602,성경 만두요리전문점,대전시 유성구 구암동 425-50
102,752906,188668,36.361007,127.35003600000002,노네임,대전시 유성구 궁동 422-7
103,752906,16856,36.3610131,127.3772871,동천홍,대전시 서구 월평동 279
104,752906,16889,36.4150305,127.3822741,솔밭묵집,대전시 유성구 관평동 542-5
